{
  "cv": {
    "cv_folds": 5,
    "cv_rows": 6000,
    "accuracy": 0.8235,
    "f1_macro": 0.7566782052487389,
    "log_loss": 0.5340013597387449,
    "roc_auc_ovo_macro": 0.9797827686391923
  },
  "test": {
    "accuracy": 0.8468333333333333,
    "f1_macro": 0.7956845077057215,
    "log_loss": 0.4520872199844055,
    "roc_auc_ovo_macro": 0.985912545759193,
    "labels": [
      "Allergic Rhinitis",
      "Asthma/COPD",
      "COVID-19",
      "Chronic Kidney Disease",
      "Common Cold",
      "Coronary Artery Disease",
      "GERD",
      "Gastroenteritis",
      "Heart Failure",
      "Hypertension",
      "Influenza",
      "Iron Deficiency Anemia",
      "Migraine",
      "Pneumonia",
      "Type 2 Diabetes",
      "Urinary Tract Infection"
    ],
    "confusion_matrix": [
      [
        369,
        0,
        0,
        0,
        37,
        1,
        1,
        0,
        0,
        5,
        0,
        1,
        2,
        0,
        0,
        0
      ],
      [
        1,
        218,
        2,
        3,
        10,
        4,
        1,
        0,
        2,
        1,
        0,
        0,
        0,
        3,
        0,
        0
      ],
      [
        1,
        11,
        346,
        0,
        15,
        0,
        0,
        5,
        0,
        0,
        53,
        1,
        4,
        41,
        0,
        3
      ],
      [
        2,
        0,
        1,
        112,
        6,
        24,
        2,
        1,
        2,
        20,
        0,
        0,
        1,
        0,
        12,
        4
      ],
      [
        51,
        5,
        4,
        3,
        675,
        2,
        2,
        9,
        0,
        22,
        3,
        4,
        17,
        0,
        1,
        3
      ],
      [
        1,
        5,
        1,
        22,
        3,
        273,
        1,
        0,
        1,
        37,
        0,
        0,
        2,
        0,
        3,
        1
      ],
      [
        4,
        1,
        0,
        2,
        10,
        3,
        79,
        2,
        0,
        8,
        0,
        0,
        4,
        0,
        0,
        2
      ],
      [
        2,
        0,
        7,
        1,
        10,
        0,
        3,
        419,
        0,
        6,
        7,
        1,
        11,
        0,
        0,
        6
      ],
      [
        0,
        8,
        0,
        9,
        2,
        7,
        1,
        1,
        36,
        2,
        0,
        0,
        0,
        0,
        0,
        0
      ],
      [
        1,
        1,
        0,
        7,
        12,
        22,
        3,
        5,
        1,
        532,
        0,
        1,
        10,
        0,
        1,
        5
      ],
      [
        1,
        0,
        45,
        1,
        5,
        0,
        0,
        7,
        0,
        0,
        586,
        0,
        4,
        5,
        0,
        0
      ],
      [
        3,
        3,
        1,
        0,
        13,
        0,
        1,
        1,
        0,
        6,
        0,
        19,
        9,
        0,
        0,
        1
      ],
      [
        2,
        0,
        1,
        1,
        17,
        1,
        2,
        7,
        0,
        8,
        1,
        4,
        250,
        0,
        0,
        0
      ],
      [
        0,
        3,
        32,
        0,
        0,
        0,
        0,
        0,
        0,
        0,
        12,
        0,
        0,
        315,
        0,
        1
      ],
      [
        0,
        0,
        0,
        6,
        2,
        8,
        0,
        0,
        0,
        5,
        0,
        0,
        0,
        0,
        695,
        1
      ],
      [
        0,
        0,
        1,
        1,
        7,
        1,
        0,
        3,
        0,
        5,
        2,
        0,
        3,
        1,
        0,
        157
      ]
    ],
    "report": "                         precision    recall  f1-score   support\n\n      Allergic Rhinitis     0.8425    0.8870    0.8642       416\n            Asthma/COPD     0.8549    0.8898    0.8720       245\n               COVID-19     0.7846    0.7208    0.7514       480\n Chronic Kidney Disease     0.6667    0.5989    0.6310       187\n            Common Cold     0.8192    0.8427    0.8308       801\nCoronary Artery Disease     0.7890    0.7800    0.7845       350\n                   GERD     0.8229    0.6870    0.7488       115\n        Gastroenteritis     0.9109    0.8858    0.8982       473\n          Heart Failure     0.8571    0.5455    0.6667        66\n           Hypertension     0.8097    0.8852    0.8458       601\n              Influenza     0.8825    0.8960    0.8892       654\n Iron Deficiency Anemia     0.6129    0.3333    0.4318        57\n               Migraine     0.7886    0.8503    0.8183       294\n              Pneumonia     0.8630    0.8678    0.8654       363\n        Type 2 Diabetes     0.9761    0.9693    0.9727       717\nUrinary Tract Infection     0.8533    0.8674    0.8603       181\n\n               accuracy                         0.8468      6000\n              macro avg     0.8209    0.7817    0.7957      6000\n           weighted avg     0.8456    0.8468    0.8448      6000\n"
  }
}