{
  "cv": {
    "cv_folds": 5,
    "cv_rows": 4000,
    "accuracy": 0.8055,
    "f1_macro": 0.7381100308715625,
    "log_loss": 1.058366227196201,
    "roc_auc_ovo_macro": 0.973635190665105
  },
  "test": {
    "accuracy": 0.8365,
    "f1_macro": 0.7754962254586076,
    "log_loss": 0.48467063293234136,
    "roc_auc_ovo_macro": 0.984045364520064,
    "labels": [
      "Allergic Rhinitis",
      "Asthma/COPD",
      "COVID-19",
      "Chronic Kidney Disease",
      "Common Cold",
      "Coronary Artery Disease",
      "GERD",
      "Gastroenteritis",
      "Heart Failure",
      "Hypertension",
      "Influenza",
      "Iron Deficiency Anemia",
      "Migraine",
      "Pneumonia",
      "Type 2 Diabetes",
      "Urinary Tract Infection"
    ],
    "confusion_matrix": [
      [
        362,
        0,
        0,
        0,
        43,
        2,
        1,
        0,
        0,
        4,
        0,
        1,
        3,
        0,
        0,
        0
      ],
      [
        1,
        215,
        1,
        4,
        13,
        7,
        0,
        0,
        2,
        0,
        0,
        0,
        0,
        2,
        0,
        0
      ],
      [
        0,
        10,
        350,
        0,
        15,
        1,
        0,
        6,
        0,
        0,
        52,
        1,
        3,
        39,
        0,
        3
      ],
      [
        2,
        0,
        3,
        100,
        6,
        28,
        2,
        1,
        5,
        21,
        1,
        0,
        2,
        0,
        14,
        2
      ],
      [
        49,
        5,
        4,
        2,
        671,
        6,
        1,
        9,
        2,
        23,
        4,
        3,
        19,
        0,
        0,
        3
      ],
      [
        1,
        5,
        1,
        24,
        4,
        275,
        1,
        0,
        0,
        32,
        0,
        0,
        1,
        0,
        4,
        2
      ],
      [
        4,
        1,
        0,
        3,
        11,
        2,
        77,
        2,
        0,
        7,
        0,
        0,
        6,
        0,
        0,
        2
      ],
      [
        2,
        0,
        9,
        2,
        12,
        0,
        2,
        414,
        0,
        5,
        11,
        1,
        12,
        0,
        0,
        3
      ],
      [
        0,
        8,
        0,
        10,
        2,
        9,
        1,
        1,
        32,
        3,
        0,
        0,
        0,
        0,
        0,
        0
      ],
      [
        1,
        1,
        0,
        10,
        14,
        27,
        4,
        4,
        1,
        520,
        0,
        1,
        11,
        0,
        1,
        6
      ],
      [
        0,
        1,
        46,
        1,
        5,
        0,
        0,
        6,
        0,
        0,
        584,
        1,
        4,
        5,
        0,
        1
      ],
      [
        2,
        3,
        0,
        0,
        16,
        0,
        1,
        1,
        0,
        6,
        0,
        15,
        11,
        0,
        0,
        2
      ],
      [
        1,
        0,
        0,
        1,
        18,
        0,
        2,
        13,
        0,
        8,
        0,
        6,
        245,
        0,
        0,
        0
      ],
      [
        0,
        5,
        37,
        0,
        0,
        0,
        0,
        0,
        0,
        0,
        12,
        0,
        0,
        309,
        0,
        0
      ],
      [
        0,
        0,
        0,
        7,
        3,
        6,
        0,
        0,
        0,
        4,
        0,
        0,
        0,
        0,
        695,
        2
      ],
      [
        0,
        0,
        2,
        1,
        7,
        1,
        1,
        3,
        0,
        5,
        2,
        0,
        3,
        1,
        0,
        155
      ]
    ],
    "report": "                         precision    recall  f1-score   support\n\n      Allergic Rhinitis     0.8518    0.8702    0.8609       416\n            Asthma/COPD     0.8465    0.8776    0.8617       245\n               COVID-19     0.7726    0.7292    0.7503       480\n Chronic Kidney Disease     0.6061    0.5348    0.5682       187\n            Common Cold     0.7988    0.8377    0.8178       801\nCoronary Artery Disease     0.7555    0.7857    0.7703       350\n                   GERD     0.8280    0.6696    0.7404       115\n        Gastroenteritis     0.9000    0.8753    0.8875       473\n          Heart Failure     0.7619    0.4848    0.5926        66\n           Hypertension     0.8150    0.8652    0.8394       601\n              Influenza     0.8769    0.8930    0.8848       654\n Iron Deficiency Anemia     0.5172    0.2632    0.3488        57\n               Migraine     0.7656    0.8333    0.7980       294\n              Pneumonia     0.8680    0.8512    0.8595       363\n        Type 2 Diabetes     0.9734    0.9693    0.9713       717\nUrinary Tract Infection     0.8564    0.8564    0.8564       181\n\n               accuracy                         0.8365      6000\n              macro avg     0.7996    0.7623    0.7755      6000\n           weighted avg     0.8345    0.8365    0.8342      6000\n"
  }
}